<?xml version="1.0" encoding="UTF-8" standalone="yes"?>
<addon id="plugin.video.eroticshark" name="Erotic Shark Full" version="1.7.2" provider-name="Murdock">
	<requires>
		<import addon="xbmc.python" version="2.1.0"/>
	</requires>
	<extension point="xbmc.python.pluginsource" library="addon.py">
		<provides>video</provides>
	</extension>
	<extension point="xbmc.addon.metadata">
		<platform>all</platform>
		<summary lang="en">Erotic Shark Video Addon Full</summary>
		<description lang="en">Erotic Shark is a very new adult addon for XBMC and Kodi. You can watch free content from the cream of adult sites on the web with ease. Supported: AlphaPorno, BeFuck, CrocoTube, Eporner, Faapy, Heavy-r, Hotshame, MadThumBS, NakedTube, Pinkrod, PornDoe, Pornhub, PorniCom, PornoID, PornWORMS, RedTube, Tube8, TubeWolf, xHamster, XVideos and Wankoz. [COLOR red]YOU MUST BE 18 OR OLDER TO USE IT! YOU CAN ABLE TO DOWNLOAD ANY VIDEO! USE IT AT YOUR OWN RISK! DON'T BREAK THE LAW![/COLOR]</description>
	</extension>
</addon>