﻿<?xml version="1.0" encoding="UTF-8" standalone="yes"?>
<addon id="plugin.video.sorozatok" version="0.3" name="Sorozatok" provider-name=" Netuddmeg ">
	<requires>
		<import addon="xbmc.python" version="2.1.0" />
		<import addon="script.module.urlresolver" version="4.0.00" />
	</requires>
	<extension point="xbmc.python.pluginsource" library="addon.py">
		<provides>video</provides>
	</extension>
	<extension point="xbmc.addon.metadata">
		<summary lang="en">Sorozatok</summary>
		<description lang="en">A Sorozatok kiegészítő. Regisztrálj a http://srnet.eu/ , jelentkezz be és használd</description>
		<platform>all</platform>
	</extension>
</addon>
