<?xml version="1.0" encoding="UTF-8" standalone="yes"?>
<addon id="plugin.video.mooviecc" name="MoovieCC" version="0.0.1" provider-name="Vitéz Horthy Miklós Legkedvesebb Matróza">
	<requires>
		<import addon="xbmc.python" version="2.1.0"/>
		<import addon="script.module.urlresolver" version="4.0.00"/>
	</requires>
	<extension point="xbmc.python.pluginsource" library="default.py">
		<provides>video</provides>
	</extension>
	<extension point="xbmc.addon.metadata">
		<summary lang="en">Mooviecc</summary>
		<language>hu</language>
		<description lang="en">http://moovie.cc - Film,sorozatok, ilyesmi</description>
		<platform>all</platform>
	</extension>
</addon>
