<?xml version="1.0" encoding="UTF-8" standalone="yes"?>
<addon id="plugin.video.filmebune"
       name="FilmeBune"
       version="1.0.2"
       provider-name="polux">
  <requires>
    <import addon="xbmc.python" version="2.1.0"/>
    <import addon="script.common.plugin.cache" version="0.9.1"/>
    <import addon="script.mrknow.urlresolver"  version="2016.10.21.1"/>
  </requires>
  <extension point="xbmc.python.pluginsource"
            library="default.py">
        <provides>video</provides>
  </extension>
  <extension point="xbmc.addon.metadata">
    <summary>Filme de pe filme-bune</summary>
    <description>Urmareste filme subtitrate in romana de pe filme-bune.net</description>
    <platform>all</platform>
  </extension>
</addon>
