<?xml version="1.0" encoding="UTF-8"?>
    <addon id="repository.polux" name="Polux Repo" version="1.0.0" provider-name="polux">
        <requires>
            <import addon="xbmc.addon" version="12.0.0"/>
        </requires>
        <extension point="xbmc.addon.repository" name="Polux Repo">
            <info compressed="false">https://0ro.000webhostapp.com/polux/_repo/addons.xml</info>
            <checksum>https://0ro.000webhostapp.com/polux/_repo/addons.xml.md5</checksum>
            <datadir zip="true">https://0ro.000webhostapp.com/polux/_repo/</datadir>
            <hashes>false</hashes>
        </extension>
        <extension point="xbmc.addon.metadata">
            <summary>Repo cu pluginuri romanesti</summary>
            <description>Diferite pluginuri romanesti cu filme subtitrate si documentare.</description>
            <platform>all</platform>
    </extension>
</addon>